recency_days,visit_frequency,avg_transaction_value,basket_size,total_spending,prefers_organic,weekend_shopper
55,3,1049.5604445305426,17,3148.681333591628,0,0
77,48,755.3206839484935,22,36255.392829527686,0,1
51,17,1668.502799002657,24,28364.54758304517,0,0
4,36,1015.93584554307,3,36573.69043955052,0,0
82,10,363.1080397091258,10,3631.0803970912575,0,0
16,47,996.5335102056848,17,46837.0749796672,1,1
20,35,314.975904646518,18,11024.15666262813,1,0
21,38,1191.016705728819,16,45258.63481769512,0,0
49,31,1187.2821182427945,25,36805.74566552663,0,0
65,31,333.8507667286002,3,10349.373768586607,0,1
12,52,850.69088449822,25,44235.92599390744,0,1
64,24,1055.170469695503,23,25324.091272692072,0,0
17,18,1247.6727185751645,4,22458.10893435296,0,1
54,14,971.8255609104648,20,13605.557852746508,1,1
25,47,515.6663978152844,14,24236.32069731837,1,0
37,30,484.6120658375279,1,14538.361975125836,0,0
20,37,1009.0149127870428,18,37333.55177312058,1,1
90,19,465.6224018377349,19,8846.825634916964,0,1
59,36,1110.0806731889577,24,39962.90423480247,1,0
27,49,1283.3540522074354,24,62884.34855816433,0,0
31,43,822.9119047233196,10,35385.21190310274,1,1
74,18,1682.8065236369498,1,30290.517425465096,1,1
80,9,409.22523164867,17,3683.02708483803,1,0
90,2,1201.4412720615935,20,2402.8825441231875,1,0
64,12,710.0805123226345,29,8520.966147871613,0,1
40,33,1031.7444125675106,25,34047.56561472785,0,1
86,44,698.5397976377099,13,30735.751096059237,0,0
64,4,376.0920260464497,5,1504.3681041857988,1,1
12,23,1043.7325034433163,18,24005.84757919628,1,0
63,12,1325.4064658271295,21,15904.877589925554,1,1
3,36,1209.4499339582355,11,43540.19762249648,0,1
77,20,1810.1018966037675,14,36202.03793207535,0,1
19,34,531.5068709745842,13,18071.233613135864,1,1
25,12,1222.455228399407,10,14669.46274079288,0,0
53,3,1339.231519859883,1,4017.694559579649,1,1
37,29,115.08513947768348,28,3337.469044852821,0,1
24,20,869.7547274460945,20,17395.09454892189,1,1
64,10,858.4645121814274,10,8584.645121814274,1,1
75,41,809.9605691278663,24,33208.38333424252,1,1
75,20,885.9465686069298,26,17718.931372138595,0,1
51,31,547.5797557724948,13,16974.972428947338,0,1
47,42,248.55924932876903,17,10439.4884718083,0,1
59,37,864.2141966122376,13,31975.925274652796,1,1
68,25,987.2232697298028,10,24680.581743245068,0,0
53,21,636.0310511241214,5,13356.65207360655,0,0
11,8,1315.3238161835693,4,10522.590529468554,1,1
88,1,700.5459054795698,18,1000.0,0,1
10,13,935.315169549384,14,12159.097204141994,0,1
47,12,741.2815670397819,28,8895.378804477383,0,1
79,20,455.7378138334726,12,9114.756276669452,1,1
85,36,158.7300559541345,13,5714.2820143488425,0,0
64,49,187.6149667311753,25,9193.133369827588,1,1
82,38,223.28093437316704,15,8484.675506180347,0,0
61,14,1049.0043639027544,12,14686.061094638562,0,0
80,2,664.635939567966,20,1329.271879135932,1,0
13,44,515.5352154466764,14,22683.54947965376,0,0
82,35,1209.9616100335454,8,42348.65635117409,0,1
57,29,1198.572178340875,27,34758.59317188538,0,0
2,36,848.6071371840001,19,30549.856938624,0,0
28,19,803.3169834556621,16,15263.02268565758,0,0
87,7,950.4766100691749,6,6653.336270484223,0,1
88,5,891.7086117682474,24,4458.543058841236,0,1
14,12,1054.0635113518968,5,12648.762136222762,1,0
85,6,396.1526467708917,4,2376.91588062535,0,0
48,2,881.601809326244,8,1763.203618652488,1,0
5,30,596.9095514318662,25,17907.286542955986,0,1
48,25,580.4812885938462,25,14512.032214846156,0,0
72,3,1098.849470248852,17,3296.548410746556,0,0
53,42,1095.392969816263,6,46006.50473228305,0,1
25,35,724.8393700045464,8,25369.377950159123,0,1
11,12,100.0,8,1200.0,0,0
36,7,1034.2290797627934,3,7239.603558339553,0,1
5,15,378.8013515290608,11,5682.020272935912,1,1
19,38,754.5023744619895,27,28671.0902295556,0,1
41,14,100.0,10,1400.0,0,1
72,19,781.1989860905219,18,14842.780735719916,1,1
41,37,467.5012422496037,16,17297.545963235334,0,0
27,44,1428.9068120129486,29,62871.89972856974,0,1
29,30,1016.928049615293,13,30507.84148845879,0,1
12,37,680.2701404506961,6,25169.995196675754,0,1
55,19,247.811316579052,11,4708.415015001988,1,1
77,38,1055.621581344233,21,40113.620091080855,0,1
55,21,826.2548942978161,7,17351.35278025414,1,0
77,8,1360.4635166879586,1,10883.70813350367,0,0
27,29,1084.2484217183453,23,31443.20422983201,0,0
30,42,1097.5379592934369,17,46096.59429032435,1,1
69,3,570.7312843344678,14,1712.193853003403,0,1
41,34,467.3427000064791,17,15889.651800220288,1,1
14,10,347.1071846984437,19,3471.071846984437,1,0
28,40,218.7434789044612,14,8749.739156178448,1,0
70,22,865.2650354139108,2,19035.83077910604,0,1
90,14,181.2286065761915,14,2537.2004920666814,1,1
16,39,386.83157593423465,20,15086.431461435152,0,1
56,14,1036.1540444288312,12,14506.156622003637,1,1
24,29,784.4729559752748,13,22749.715723282967,0,0
46,20,1256.3897587080803,15,25127.795174161613,1,1
77,42,823.9586539525526,28,34606.26346600721,0,0
43,20,1316.6471533916183,20,26332.94306783237,0,1
49,14,978.024238509794,18,13692.339339137116,0,1
37,30,906.8407073786572,3,27205.22122135972,1,1
86,28,100.0,28,2800.0,1,1
71,10,378.2175362328188,12,3782.175362328189,0,1
22,37,1407.2624015293331,5,52068.70885658533,0,1
44,49,1596.2764580719086,26,78217.54644552352,0,1
26,41,450.57852963302753,10,18473.719714954128,1,1
81,21,1016.6472332226584,7,21349.591897675826,0,1
33,20,424.3596859746976,17,8487.193719493953,0,1
52,10,1195.914694916269,7,11959.146949162689,0,0
10,25,852.3762297363129,12,21309.405743407824,0,1
33,42,962.7580032895704,5,40435.83613816196,0,0
11,52,1512.8835443573778,18,78669.94430658364,0,1
89,5,605.4636626933839,8,3027.31831346692,0,0
55,48,1419.536396911618,30,68137.74705175766,1,0
67,31,751.869987402047,11,23307.969609463456,0,1
89,7,162.6897711900751,24,1138.828398330526,0,0
22,40,954.1062482641864,5,38164.24993056746,1,1
46,36,329.908997098857,25,11876.723895558853,1,0
47,27,1251.950333338585,20,33802.6590001418,0,0
18,15,1153.6095642825685,8,17304.143464238525,1,1
43,17,1040.6334613542208,10,17690.768843021753,0,0
23,37,986.2786420417764,30,36492.30975554573,1,1
13,48,543.4451731006214,22,26085.368308829828,0,0
72,26,1356.7960803616832,21,35276.69808940376,0,1
38,27,100.0,7,2700.0,0,1
62,39,1035.7283069479029,25,40393.40397096821,0,0
32,51,100.0,27,5100.0,0,0
9,41,1153.0054813214024,11,47273.2247341775,0,0
9,14,628.621528061696,1,8800.701392863744,0,0
86,11,1410.429267127192,9,15514.721938399114,0,1
70,24,849.9302148335943,11,20398.325156006264,1,0
86,12,951.6766552379092,19,11420.11986285491,1,0
40,14,100.0,12,1400.0,1,1
13,30,1119.8455572491844,24,33595.36671747553,0,1
51,24,1098.53515515049,21,26364.84372361176,1,1
83,6,1134.3844024671705,7,6806.306414803022,1,1
80,9,343.80616510478995,20,3094.2554859431098,0,0
79,37,576.9300536921636,26,21346.41198661005,0,1
85,27,883.0470239457023,23,23842.26964653396,1,1
69,44,1258.2074046607818,18,55361.1258050744,0,1
4,49,237.73596634491585,17,11649.062350900876,0,1
8,50,351.4584081542209,16,17572.920407711044,1,1
70,34,211.85432791116037,6,7203.047148979452,0,1
72,45,1092.1710672315344,27,49147.69802541905,0,0
17,51,331.29994119208106,29,16896.297000796134,1,1
28,18,784.7910155524365,6,14126.238279943858,1,1
47,44,1104.1386206668262,25,48582.09930934035,0,1
42,35,1559.2052887247974,4,54572.18510536791,0,0
68,21,1263.7372865052582,1,26538.483016610426,0,1
51,26,185.9899986741043,17,4835.739965526712,1,1
35,32,1011.0913718288836,7,32354.92389852428,0,1
32,36,1867.8215720402725,26,67241.5765934498,1,0
20,50,801.6962374573366,21,40084.81187286683,0,1
45,34,1044.4260115558243,4,35510.484392898026,0,0
56,43,680.7991254637235,28,29274.36239494011,0,1
50,10,1367.7756660148402,6,13677.756660148403,0,1
36,39,981.0546587710902,23,38261.13169207252,0,1
85,17,343.8671487866162,14,5845.741529372475,1,0
34,15,588.278217156279,11,8824.173257344184,1,0
86,2,410.3656012892703,18,1000.0,0,0
89,41,1408.48066012789,29,57747.70706524349,1,0
81,18,851.2320074010959,7,15322.176133219726,1,0
24,32,697.2443943157795,13,22311.820618104943,0,1
9,50,499.4764806265666,30,24973.82403132833,0,1
25,50,1072.6956863407895,2,53634.784317039484,0,1
26,13,1291.8416433468517,12,16793.941363509068,0,1
45,29,525.6630000341731,19,15244.22700099102,1,0
11,21,1313.5123827511832,7,27583.76003777485,0,1
4,47,890.9881422544781,5,41876.44268596047,1,1
36,29,100.0,19,2900.0,1,0
3,42,886.4597169503952,25,37231.3081119166,0,1
62,45,961.051600861739,26,43247.32203877826,0,0
61,33,1299.9561519779136,24,42898.55301527115,1,0
49,26,218.1821136711453,19,5672.734955449778,0,1
83,1,1241.4428905827608,5,1241.4428905827608,0,0
31,39,2282.990769832095,29,89036.6400234517,1,1
44,27,100.0,16,2700.0,1,1
84,2,1088.366549216409,13,2176.7330984328187,0,1
79,1,1505.914142800082,6,1505.914142800082,0,0
51,16,713.0697531309874,25,11409.116050095798,0,1
36,3,594.239704468346,1,1782.719113405038,1,1
54,36,153.74468597461075,10,5534.808695085988,1,1
50,34,979.57258195751,4,33305.46778655534,0,1
4,37,1007.793220058628,3,37288.34914216923,0,0
18,13,777.2712152728473,6,10104.525798547014,0,1
61,34,1301.7049202066871,22,44257.96728702737,0,1
46,39,694.0538727259084,20,27068.101036310425,0,1
68,5,1378.115596218232,21,6890.57798109116,1,0
8,44,645.8643904692027,13,28418.03318064492,0,0
31,4,1126.2194008590443,19,4504.877603436178,0,0
42,12,370.1729058299225,10,4442.07486995907,0,0
58,6,860.6050579497588,2,5163.630347698553,0,0
33,8,100.0,3,1000.0,0,0
82,26,1333.4403451103085,23,34669.44897286801,0,0
67,8,1323.626752923562,4,10589.014023388496,0,1
81,48,1163.9366379980738,17,55868.95862390754,0,1
76,10,1417.3366796388466,19,14173.366796388464,0,1
43,24,656.120902115729,15,15746.901650777496,1,1
36,6,100.0,22,1000.0,1,1
77,25,962.5733809146066,1,24064.334522865163,1,1
12,42,428.9980476336354,14,18017.918000612688,1,0
